{"cameraMode":{"drawMode":0,"name":"Shaded","section":"Shading Mode"},"sceneLighting":true,"audioPlay":false,"sceneViewState":{"showFog":true,"showMaterialUpdate":false,"showSkybox":true,"showFlares":true,"showImageEffects":true,"showParticleSystems":true},"in2DMode":false,"pivot":{"x":0.8539716005325317,"y":-0.40300992131233218,"z":2.360564708709717},"rotation":{"x":0.010188431479036808,"y":0.018594834953546525,"z":0.0001896969333756715,"w":-0.9997751712799072},"size":6.0452351570129398,"orthographic":false}